Sentiment,average_trades_per_day
Extreme Fear,79.57352941176471
Extreme Greed,72.10272536687631
Fear,101.5343347639485
Greed,75.41524105754277
Neutral,104.35598705501619
